id,difficulty,besteffort,interupted,comment,participant,task,taskresult,task_id,participant_age,participant_experienced,taskresult_totaltime,taskresult_totalcorrect
456,2,True,False,b'',"id: 420, experienced: False, age: 22","id: 2, title: Building geometry and metadata","Task: id: 2, title: Building geometry and metadata, date: 2017-05-04 10:09:24.411908+00:00",2,22,False,167,6
637,1,True,False,b'',"id: 513, experienced: False, age: 25","id: 2, title: Building geometry and metadata","Task: id: 2, title: Building geometry and metadata, date: 2017-05-05 12:52:28.643281+00:00",2,25,False,77,7
775,4,True,False,b'',"id: 584, experienced: False, age: 21","id: 2, title: Building geometry and metadata","Task: id: 2, title: Building geometry and metadata, date: 2017-05-08 09:25:40.685539+00:00",2,21,False,63,7
411,3,True,False,b'',"id: 384, experienced: False, age: 25","id: 2, title: Building geometry and metadata","Task: id: 2, title: Building geometry and metadata, date: 2017-05-03 21:13:15.880896+00:00",2,25,False,159,7
746,1,True,False,b'',"id: 566, experienced: False, age: 40","id: 2, title: Building geometry and metadata","Task: id: 2, title: Building geometry and metadata, date: 2017-05-08 05:10:12.807494+00:00",2,40,False,151,8
213,1,True,False,b'',"id: 226, experienced: False, age: 24","id: 2, title: Building geometry and metadata","Task: id: 2, title: Building geometry and metadata, date: 2017-05-02 11:21:25.673254+00:00",2,24,False,74,8
585,1,True,False,b'',"id: 477, experienced: False, age: 24","id: 2, title: Building geometry and metadata","Task: id: 2, title: Building geometry and metadata, date: 2017-05-05 10:32:29.805657+00:00",2,24,False,50,8
222,3,True,False,b'',"id: 227, experienced: False, age: 30","id: 2, title: Building geometry and metadata","Task: id: 2, title: Building geometry and metadata, date: 2017-05-02 13:49:39.140250+00:00",2,30,False,97,8
194,3,True,False,b'',"id: 219, experienced: False, age: 24","id: 2, title: Building geometry and metadata","Task: id: 2, title: Building geometry and metadata, date: 2017-05-02 09:56:48.185404+00:00",2,24,False,135,8
323,2,True,False,b'',"id: 295, experienced: False, age: 50","id: 2, title: Building geometry and metadata","Task: id: 2, title: Building geometry and metadata, date: 2017-05-03 15:07:12.986432+00:00",2,50,False,201,9
336,3,True,False,b'',"id: 303, experienced: False, age: 21","id: 2, title: Building geometry and metadata","Task: id: 2, title: Building geometry and metadata, date: 2017-05-03 15:44:53.847178+00:00",2,21,False,152,9
347,1,True,False,b'',"id: 313, experienced: False, age: -25","id: 2, title: Building geometry and metadata","Task: id: 2, title: Building geometry and metadata, date: 2017-05-03 17:09:21.335853+00:00",2,-25,False,250,9
354,2,True,False,b'',"id: 337, experienced: False, age: 24","id: 2, title: Building geometry and metadata","Task: id: 2, title: Building geometry and metadata, date: 2017-05-03 17:37:10.536813+00:00",2,24,False,98,9
778,2,True,False,b'',"id: 586, experienced: False, age: 20","id: 2, title: Building geometry and metadata","Task: id: 2, title: Building geometry and metadata, date: 2017-05-08 10:14:23.537741+00:00",2,20,False,185,9
434,2,True,False,b'',"id: 407, experienced: False, age: 26","id: 2, title: Building geometry and metadata","Task: id: 2, title: Building geometry and metadata, date: 2017-05-04 07:20:34.600055+00:00",2,26,False,130,9
448,2,True,False,b'',"id: 415, experienced: False, age: 21","id: 2, title: Building geometry and metadata","Task: id: 2, title: Building geometry and metadata, date: 2017-05-04 09:15:47.914144+00:00",2,21,False,266,9
791,4,True,False,b'',"id: 590, experienced: False, age: 31","id: 2, title: Building geometry and metadata","Task: id: 2, title: Building geometry and metadata, date: 2017-05-08 11:09:07.054057+00:00",2,31,False,115,9
217,2,True,False,b'',"id: 209, experienced: False, age: 24","id: 2, title: Building geometry and metadata","Task: id: 2, title: Building geometry and metadata, date: 2017-05-02 11:52:56.103682+00:00",2,24,False,157,9
756,2,True,False,b'',"id: 572, experienced: False, age: 22","id: 2, title: Building geometry and metadata","Task: id: 2, title: Building geometry and metadata, date: 2017-05-08 06:26:47.273510+00:00",2,22,False,184,9
751,4,True,False,b'',"id: 569, experienced: False, age: 47","id: 2, title: Building geometry and metadata","Task: id: 2, title: Building geometry and metadata, date: 2017-05-08 06:01:30.646521+00:00",2,47,False,142,9
716,2,True,False,b'',"id: 552, experienced: False, age: 25","id: 2, title: Building geometry and metadata","Task: id: 2, title: Building geometry and metadata, date: 2017-05-06 16:58:15.482117+00:00",2,25,False,163,9
692,2,True,False,b'',"id: 543, experienced: False, age: 21","id: 2, title: Building geometry and metadata","Task: id: 2, title: Building geometry and metadata, date: 2017-05-06 08:13:21.519342+00:00",2,21,False,99,9
646,1,True,False,b'',"id: 516, experienced: False, age: 45","id: 2, title: Building geometry and metadata","Task: id: 2, title: Building geometry and metadata, date: 2017-05-05 13:17:08.626462+00:00",2,45,False,90,9
626,3,True,False,b'',"id: 506, experienced: False, age: 27","id: 2, title: Building geometry and metadata","Task: id: 2, title: Building geometry and metadata, date: 2017-05-05 12:06:51.277707+00:00",2,27,False,155,9
786,2,True,False,b'',"id: 588, experienced: False, age: 25","id: 2, title: Building geometry and metadata","Task: id: 2, title: Building geometry and metadata, date: 2017-05-08 10:29:29.107415+00:00",2,25,False,144,9
196,3,True,False,b'',"id: 220, experienced: False, age: 25","id: 2, title: Building geometry and metadata","Task: id: 2, title: Building geometry and metadata, date: 2017-05-02 09:59:30.391124+00:00",2,25,False,82,9
281,2,True,False,b'',"id: 263, experienced: False, age: 24","id: 2, title: Building geometry and metadata","Task: id: 2, title: Building geometry and metadata, date: 2017-05-03 11:26:01.143652+00:00",2,24,False,192,9
287,3,True,False,b'',"id: 264, experienced: False, age: 25","id: 2, title: Building geometry and metadata","Task: id: 2, title: Building geometry and metadata, date: 2017-05-03 11:36:28.463463+00:00",2,25,False,158,9
839,2,True,False,b'',"id: 604, experienced: False, age: 44","id: 2, title: Building geometry and metadata","Task: id: 2, title: Building geometry and metadata, date: 2017-05-10 07:50:34.950240+00:00",2,44,False,161,10
191,2,True,False,b'',"id: 215, experienced: False, age: 25","id: 2, title: Building geometry and metadata","Task: id: 2, title: Building geometry and metadata, date: 2017-05-02 09:51:55.812117+00:00",2,25,False,137,10
237,3,True,False,b'',"id: 235, experienced: False, age: 24","id: 2, title: Building geometry and metadata","Task: id: 2, title: Building geometry and metadata, date: 2017-05-03 07:55:23.492859+00:00",2,24,False,314,10
278,3,True,False,b'',"id: 261, experienced: False, age: 24","id: 2, title: Building geometry and metadata","Task: id: 2, title: Building geometry and metadata, date: 2017-05-03 11:22:09.805179+00:00",2,24,False,243,10
462,1,True,False,b'',"id: 421, experienced: False, age: 22","id: 2, title: Building geometry and metadata","Task: id: 2, title: Building geometry and metadata, date: 2017-05-04 10:15:38.621550+00:00",2,22,False,88,10
468,1,True,False,b'',"id: 425, experienced: False, age: 53","id: 2, title: Building geometry and metadata","Task: id: 2, title: Building geometry and metadata, date: 2017-05-04 11:34:19.725524+00:00",2,53,False,186,10
483,2,True,False,b'',"id: 430, experienced: False, age: 20","id: 2, title: Building geometry and metadata","Task: id: 2, title: Building geometry and metadata, date: 2017-05-04 12:51:48.168913+00:00",2,20,False,190,10
596,3,True,False,b'',"id: 484, experienced: False, age: 24","id: 2, title: Building geometry and metadata","Task: id: 2, title: Building geometry and metadata, date: 2017-05-05 10:50:43.167731+00:00",2,24,False,204,10
648,3,True,False,b'',"id: 489, experienced: False, age: 24","id: 2, title: Building geometry and metadata","Task: id: 2, title: Building geometry and metadata, date: 2017-05-05 13:33:19.070508+00:00",2,24,False,149,10
654,2,True,False,b'',"id: 519, experienced: False, age: 23","id: 2, title: Building geometry and metadata","Task: id: 2, title: Building geometry and metadata, date: 2017-05-05 13:49:40.897635+00:00",2,23,False,123,10
675,2,True,False,b'',"id: 536, experienced: False, age: 22","id: 2, title: Building geometry and metadata","Task: id: 2, title: Building geometry and metadata, date: 2017-05-05 19:18:30.071322+00:00",2,22,False,123,10
709,3,True,False,b'',"id: 551, experienced: False, age: 20","id: 2, title: Building geometry and metadata","Task: id: 2, title: Building geometry and metadata, date: 2017-05-06 13:37:46.355279+00:00",2,20,False,251,10
733,3,True,False,b'',"id: 561, experienced: False, age: 21","id: 2, title: Building geometry and metadata","Task: id: 2, title: Building geometry and metadata, date: 2017-05-07 15:08:03.987431+00:00",2,21,False,72,10
772,4,True,False,b'',"id: 578, experienced: False, age: 19","id: 2, title: Building geometry and metadata","Task: id: 2, title: Building geometry and metadata, date: 2017-05-08 08:57:42.705578+00:00",2,19,False,455,10
830,3,True,False,b'',"id: 602, experienced: False, age: 26","id: 2, title: Building geometry and metadata","Task: id: 2, title: Building geometry and metadata, date: 2017-05-09 14:09:01.544066+00:00",2,26,False,369,10
663,1,True,False,b'',"id: 531, experienced: False, age: 22","id: 2, title: Building geometry and metadata","Task: id: 2, title: Building geometry and metadata, date: 2017-05-05 15:24:34.479592+00:00",2,22,False,218,11
770,4,True,False,b'',"id: 579, experienced: False, age: 19","id: 2, title: Building geometry and metadata","Task: id: 2, title: Building geometry and metadata, date: 2017-05-08 08:47:02.641157+00:00",2,19,False,98,11
183,4,True,False,b'',"id: 210, experienced: False, age: 23","id: 2, title: Building geometry and metadata","Task: id: 2, title: Building geometry and metadata, date: 2017-05-02 09:39:35.584243+00:00",2,23,False,384,11
633,3,True,False,b'',"id: 508, experienced: False, age: 58","id: 2, title: Building geometry and metadata","Task: id: 2, title: Building geometry and metadata, date: 2017-05-05 12:25:31.882554+00:00",2,58,False,387,11
620,1,True,False,b'',"id: 491, experienced: False, age: 26","id: 2, title: Building geometry and metadata","Task: id: 2, title: Building geometry and metadata, date: 2017-05-05 11:07:04.637452+00:00",2,26,False,122,11
617,1,True,False,b'',"id: 493, experienced: False, age: 53","id: 2, title: Building geometry and metadata","Task: id: 2, title: Building geometry and metadata, date: 2017-05-05 11:04:18.252776+00:00",2,53,False,195,11
660,1,True,False,b'',"id: 521, experienced: False, age: 21","id: 2, title: Building geometry and metadata","Task: id: 2, title: Building geometry and metadata, date: 2017-05-05 14:06:43.866089+00:00",2,21,False,92,11
669,1,True,False,b'',"id: 532, experienced: False, age: 24","id: 2, title: Building geometry and metadata","Task: id: 2, title: Building geometry and metadata, date: 2017-05-05 16:34:34.298847+00:00",2,24,False,190,11
612,2,True,False,b'',"id: 490, experienced: False, age: 50","id: 2, title: Building geometry and metadata","Task: id: 2, title: Building geometry and metadata, date: 2017-05-05 11:00:18.399701+00:00",2,50,False,190,11
807,2,True,False,b'',"id: 593, experienced: False, age: 21","id: 2, title: Building geometry and metadata","Task: id: 2, title: Building geometry and metadata, date: 2017-05-08 16:45:23.971241+00:00",2,21,False,108,11
713,4,True,False,b'',"id: 553, experienced: False, age: 21","id: 2, title: Building geometry and metadata","Task: id: 2, title: Building geometry and metadata, date: 2017-05-06 15:49:19.972596+00:00",2,21,False,168,11
724,2,False,False,b'',"id: 559, experienced: False, age: 22","id: 2, title: Building geometry and metadata","Task: id: 2, title: Building geometry and metadata, date: 2017-05-07 11:38:40.111600+00:00",2,22,False,172,11
501,2,True,False,b'',"id: 442, experienced: False, age: 24","id: 2, title: Building geometry and metadata","Task: id: 2, title: Building geometry and metadata, date: 2017-05-04 15:58:46.423877+00:00",2,24,False,111,11
484,2,True,False,b'',"id: 431, experienced: False, age: 21","id: 2, title: Building geometry and metadata","Task: id: 2, title: Building geometry and metadata, date: 2017-05-04 12:53:39.409435+00:00",2,21,False,203,11
205,4,True,False,b'',"id: 224, experienced: False, age: 24","id: 2, title: Building geometry and metadata","Task: id: 2, title: Building geometry and metadata, date: 2017-05-02 10:46:27.202826+00:00",2,24,False,146,12
560,1,True,False,b'',"id: 468, experienced: False, age: 21","id: 2, title: Building geometry and metadata","Task: id: 2, title: Building geometry and metadata, date: 2017-05-05 08:22:53.795407+00:00",2,21,False,207,12
395,2,True,False,b'',"id: 366, experienced: False, age: 29","id: 2, title: Building geometry and metadata","Task: id: 2, title: Building geometry and metadata, date: 2017-05-03 19:54:19.008080+00:00",2,29,False,128,12
466,2,True,False,b'',"id: 418, experienced: False, age: 32","id: 2, title: Building geometry and metadata","Task: id: 2, title: Building geometry and metadata, date: 2017-05-04 11:30:02.544495+00:00",2,32,False,91,12
603,3,True,False,b'',"id: 482, experienced: False, age: 24","id: 2, title: Building geometry and metadata","Task: id: 2, title: Building geometry and metadata, date: 2017-05-05 10:54:53.493710+00:00",2,24,False,156,12
260,1,True,False,b'',"id: 248, experienced: False, age: 24","id: 2, title: Building geometry and metadata","Task: id: 2, title: Building geometry and metadata, date: 2017-05-03 09:54:33.693510+00:00",2,24,False,154,12
828,1,True,False,b'',"id: 601, experienced: False, age: 19","id: 2, title: Building geometry and metadata","Task: id: 2, title: Building geometry and metadata, date: 2017-05-09 13:52:41.716359+00:00",2,19,False,83,12
